"Title","Sales Rank: 30 days avg.","Sales Rank: 90 days avg.","Buy Box 🚚: Current","Buy Box 🚚: Stock","New: Current","New: Highest","New, 3rd Party FBM 🚚: 30 days avg.","Lowest FBM Seller","Count of retrieved live offers: New, FBM","ASIN","Product Codes: EAN","Product Codes: UPC","Parent ASIN","Brand","Prime Eligible (Buy Box)"
"THE NORTH FACE Berkeley Field Bag, Fawn Grey/Gardenia White, One Size","10296","9748","","","","$ 55.00","$ 54.59","-","","B0C3RQHVC5","0196573158436","196573158436","B0B5MQ3JK6","THE NORTH FACE","yes"
"THE NORTH FACE Mudder Trucker Hat, TNF White/Kelp Tan TNF Camo Print/Graphic Patch, One Size","18679","18483","","","","$ 38.99","","-","","B09KP255VZ","0193391978581","193391978581","B078WCBVW8","THE NORTH FACE","yes"
"THE NORTH FACE Men's Antora Waterproof Jacket (Standard and Big Size), Deep Grass Green, X-Large","19454","18533","","","","$ 109.95","","-","","B0BGYKHBYD","0196011663720","196011663720","B0CNLD3XFY","THE NORTH FACE","yes"
"THE NORTH FACE Men's Antora Waterproof Jacket (Standard and Big Size), Mandarin/TNF Black, XX-Large","19193","18456","","","","$ 176.40","","-","","B0BZ8TWBW9","0196573177857","196573177857","B0CNLD3XFY","THE NORTH FACE","yes"
"THE NORTH FACE Men's Antora Waterproof Jacket (Standard and Big Size), Utility Brown Tropical Paintbrush Print, X-Large","19332","18449","","","","$ 128.69","$ 110.00","-","","B0BGYKNQT7","0196011664130","196011664130","B0CNLD3XFY","THE NORTH FACE","no"
"THE NORTH FACE Men's Antora Waterproof Jacket (Standard and Big Size), Optic Emerald Generative Camo Print, Large","18963","18417","","","","$ 110.00","","-","","B0CHWLBTMZ","0196575604542","196575604542","B0CNLD3XFY","THE NORTH FACE","yes"
"THE NORTH FACE Women's Waterproof Antora Jacket (Standard and Plus Size), White Dune/Khaki Stone, 3X","19703","25250","","","","$ 110.00","$ 110.00","-","","B0CHWKKQW2","0196575605419","196575605419","B09F1K52N7","THE NORTH FACE","no"
"THE NORTH FACE Women's Waterproof Antora Jacket (Standard and Plus Size), Super Sonic Blue, 2X","19956","24781","","","","$ 110.00","","-","","B0BHTK717W","0196011654384","196011654384","B09F1K52N7","THE NORTH FACE","yes"
"THE NORTH FACE Men's Thermoball Traction Mule V Winter Shoe, TNF Red/TNF Black, 10","18709","12871","","","","$ 136.29","$ 69.63","-","","B09TRYWJ2C","0196247349092","196247349092","B07PM8Y639","THE NORTH FACE","yes"
"THE NORTH FACE Men's Thermoball Traction Mule V Winter Shoe, TNF Black Half Dome Tagline Toss/Fiery Red, 14","18377","12651","","","","$ 59.00","$ 42.83","-","","B0BGT1ZR2N","0196012345908","196012345908","B07PM8Y639","THE NORTH FACE","no"
"THE NORTH FACE Men's Thermoball Traction Mule V Winter Shoe, Summit Navy/TNF White, 11","18706","12918","","","","$ 104.71","","-","","B0C28KNM9V","0196573288980","196573288980","B07PM8Y639","THE NORTH FACE","yes"
"THE NORTH FACE Men's Short Sleeve Box NSE Tee (Standard and Big Size), Pine Needle/Photo Real/Graphics, Small","24421","44265","","","","$ 44.97","$ 27.43","-","","B0C1PB9HW4","0196573581166","196573581166","B08BF62RL8","THE NORTH FACE","no"
"THE NORTH FACE Men's Antora Waterproof Jacket (Standard and Big Size), Summit Navy Camo Texture Print/TNF Black, Small","19268","18478","","","","$ 202.78","$ 192.56","-","","B0BZ8TB5HF","0196573177826","196573177826","B0CNLD3XFY","THE NORTH FACE","yes"
"THE NORTH FACE Men's ThermoBall Traction Mule V Winter Shoe, Phantom Grey Heather Print/TNF Black, 10","18433","12716","","","","$ 132.23","$ 74.23","-","","B09KSZ8TJQ","0195436528515","195436528515","B07PM8Y639","THE NORTH FACE","no"
"THE NORTH FACE Women's Waterproof Antora Jacket (Standard and Plus Size), Lime Cream, Large","18762","24635","","","","$ 112.74","","-","","B0BHTHZGTM","0196011668695","196011668695","B09F1K52N7","THE NORTH FACE","yes"
"THE NORTH FACE Berkeley Crossbody Bag, Dark Sage/Summit Gold, One Size","17738","13214","","","","$ 43.95","","-","","B0C3RQDRTY","0196573137592","196573137592","B0BRBR71Z7","THE NORTH FACE","yes"
"THE NORTH FACE Men’s Half Dome Pullover Hoodie Sweatshirt (Standard and Big Size), Fawn Grey/Fawn Grey Engraved Mountain Print, X-Large","19630","14954","","","","$ 104.32","$ 74.92","-","","B0C1P9LFWK","0196573568525","196573568525","B078P5Q23V","THE NORTH FACE","no"
"THE NORTH FACE Men's Thermoball Traction Mule V Winter Shoe, Shady Blue/Summit Navy, 9","18408","12707","","","","$ 62.00","","-","","B0C28MD4J6","0196573287778","196573287778","B07PM8Y639","THE NORTH FACE","yes"
"THE NORTH FACE Men's Thermoball Traction Mule V Winter Shoe, Gravel/Geyser Aqua, 8","18732","12969","","","","$ 59.00","","-","","B0CJCJLLM1","0197063190691","197063190691","B07PM8Y639","THE NORTH FACE","yes"
"THE NORTH FACE Men's Thermoball Traction Mule V Winter Shoe, Brandy Brown/Coal Brown, 13","18856","13005","","","","$ 107.94","$ 93.98","-","","B0C28K4BLY","0196573289352","196573289352","B07PM8Y639","THE NORTH FACE","no"
"THE NORTH FACE Borealis Sling, New Taupe Green Snowcap Mountains Print/TNF Black, One Size","21128","23037","","","","$ 78.00","","-","","B09R519KLM","0196009413948","196009413948","B0B5MHGJ71","THE NORTH FACE","yes"
"THE NORTH FACE Berkeley Crossbody Bag, Fawn Grey/Gardenia White, One Size","18128","13306","","","","$ 43.95","$ 37.78","-","","B0C3RR711N","0196573119154","196573119154","B0BRBR71Z7","THE NORTH FACE","no"
"THE NORTH FACE Men's Box NSE Pullover Hoodie, TNF Black, XX-Large","30534","26260","","","","$ 122.71","$ 118.29","-","","B083CMLVJ3","0192362731811","192362731811","B0874VRMHJ","THE NORTH FACE","no"
"THE NORTH FACE Women's Osito Full Zip Fleece Jacket (Standard and Plus Size), Pink Moss, 3X","28293","17028","","","","$ 100.00","","-","","B0BHTJ8P6J","0196011634898","196011634898","B0161S9E6U","THE NORTH FACE","yes"
"THE NORTH FACE Men's Box NSE Pullover Hoodie (Standard and Big Size), Fawn Grey/Photo Real Graphics, XX-Large","30750","26274","","","","$ 119.04","$ 69.99","-","","B0C3447471","0196573570306","196573570306","B0874VRMHJ","THE NORTH FACE","no"
"THE NORTH FACE Men's ThermoBall Traction Winter Bootie, TNF Red/TNF Black, 10","46121","29732","","","","$ 111.89","","-","","B09TRZTTN5","0196247350586","196247350586","B0C7XH1JFD","THE NORTH FACE","yes"
"THE NORTH FACE Men's ThermoBall Traction Winter Bootie, TNF Red/TNF Black, 11","46350","29716","","","","$ 111.65","$ 109.92","-","","B09TS1HKRJ","0196247350746","196247350746","B0C7XH1JFD","THE NORTH FACE","yes"
"THE NORTH FACE Jim Beanie, Flax Heather, One Size","40800","17028","","","","$ 39.95","","-","","B096YFBPY3","0195439218888","195439218888","B00OTWR3SW","THE NORTH FACE","yes"
"The North Face Women's Nuptse Mule, TNF Black/TNF White, 8","31031","21981","","","","$ 147.60","$ 107.33","-","","B09H5MMXBF","0195439274389","195439274389","B07PM8XRRY","THE NORTH FACE","no"
"THE NORTH FACE Thermoball Traction Mule V Iwd Print TNF Black/Lunar Slate 11 B (M)","30285","21768","","","","$ 89.00","","-","","B0BNXBW2F6","0196247638080","196247638080","B07PM8XRRY","THE NORTH FACE","yes"
"The North Face Women's Nuptse Mule, TNF Black/TNF White, 6","30787","21801","","","","$ 147.60","$ 104.27","-","","B09H5L3KMW","0195439273689","195439273689","B07PM8XRRY","THE NORTH FACE","no"
"THE NORTH FACE Women's Thermoball Insulated Traction Mule V Shoe, Sun Sprite/TNF Black, 10","31042","21936","","","","$ 93.58","$ 83.63","-","","B0BZ8Z5S37","0196573289383","196573289383","B07PM8XRRY","THE NORTH FACE","yes"
"THE NORTH FACE Men’s Venture 2 Waterproof Hooded Rain Jacket (Standard and Big & Tall Size), Shady Blue/Shady Blue, X-Small","64480","80758","","","","$ 199.99","$ 109.98","-","","B01HQS9I1U","0190289525520","190289525520","B098YKB45Z","THE NORTH FACE","no"
"THE NORTH FACE Men's Antora Rain Hoodie (Big and Standard Size), Shady Blue, 2X","55832","79188","","","","$ 119.95","","-","","B0BZ8TK9BH","0196573208421","196573208421","B0BWQNR4TS","THE NORTH FACE","yes"
"THE NORTH FACE Men’s Venture 2 Waterproof Hooded Rain Jacket (Standard and Big & Tall Size), Mid Grey/Mid Grey/TNF Black, 3X-Large","64100","80348","","","","$ 200.34","","-","","B07TS8MD4L","0193391579788","193391579788","B098YKB45Z","THE NORTH FACE","yes"
"THE NORTH FACE Etip Recycled Glove Military Olive, M","41926","21242","","","","$ 59.00","","-","","B09TPV4QMC","0196247071900","196247071900","B08BDYGDYY","THE NORTH FACE","yes"
"THE NORTH FACE Women's Waterproof Antora Parka (Standard and Plus Size), Yellow Silt, Medium","85468","93287","","","","$ 120.00","$ 120.00","-","","B0CHWL8BBS","0196575604382","196575604382","B09JTRCJPX","THE NORTH FACE","no"
"THE NORTH FACE Women's Waterproof Antora Parka (Standard and Plus Size), TNF Black, 3X","85965","94882","","","","$ 197.71","$ 120.00","-","","B09JTRX3C5","0680975966121","680975966121","B09JTRCJPX","THE NORTH FACE","yes"
"THE NORTH FACE Women's Box NSE Pullover Hoodie (Standard and Plus Size), High Purple, X-Large","46684","41784","","","","$ 60.00","","-","","B0CHBMF195","0196575494815","196575494815","B0C5FJN3M9","THE NORTH FACE","yes"
"THE NORTH FACE Men Astro Ridge Full Zip, Summit Navy, Small","59886","109829","","","","$ 100.00","","-","","B0BH51SNG1","0196248678559","196248678559","B09FS2XQJG","THE NORTH FACE","yes"
"THE NORTH FACE Men’s Apex Bionic 3 Windproof Jacket (Standard and Big Size), Utility Brown, X-Large","67738","68631","","","","$ 284.07","$ 184.43","-","","B0BZSXNZSL","0196573190368","196573190368","B0CNLGFMW1","THE NORTH FACE","yes"
"THE NORTH FACE Men's Base Camp Flip-Flop ll, Shady Blue/Urban Navy, 14","63446","142855","","","","$ 86.54","$ 54.11","-","","B07VC9FZ6R","0679894415995","679894415995","B08G16ZCS5","THE NORTH FACE","no"
"THE NORTH FACE Women's Canyonlands Full Zip Hooded Sweatshirt (Standard and Plus Size), Emberglow Orange Heather, Small","66471","78595","","","","$ 119.05","$ 88.89","-","","B097NHZRPS","0195438156778","195438156778","B07TLD9MBN","THE NORTH FACE","no"
"THE NORTH FACE Women's Waterproof Antora Parka (Standard and Plus Size), Asphalt Grey, Large","82473","93319","","","","$ 216.77","","-","","B0BHTHSQXT","0196010641767","196010641767","B09JTRCJPX","THE NORTH FACE","yes"
"THE NORTH FACE Men's Ultra 112 Waterproof Hiking Shoes, Gardenia White/Sandstone, 12","85638","80893","","","","$ 148.95","","-","","B0C2112D2N","0196573312449","196573312449","B0CB76CZB2","THE NORTH FACE","yes"
"THE NORTH FACE Men's Base Camp Slide III Sandal, Meld Grey/LED Yellow, 9","112891","120277","","","","$ 64.97","$ 54.84","-","","B0BGYF8QR8","0196247640441","196247640441","B0C8V4TFBF","THE NORTH FACE","yes"
"THE NORTH FACE Women's Canyonlands Full Zip Sweatshirt (Standard and Plus Size), Gardenia White Heather 2, 2X","51069","49544","","","","$ 143.28","$ 143.28","-","","B09KMBW6QN","0680975956504","680975956504","B07TXKSLWQ","THE NORTH FACE","yes"
"THE NORTH FACE Women's Canyonlands Full Zip Sweatshirt (Standard and Plus Size), TNF Black 2, 2X","51433","50561","","","","$ 134.52","$ 95.21","-","","B09KMCQ95W","0680975956566","680975956566","B07TXKSLWQ","THE NORTH FACE","yes"
"THE NORTH FACE Women's Canyonlands Full Zip Hooded Sweatshirt (Standard and Plus Size), TNF Black 2, X-Large","64258","78020","","","","$ 145.22","$ 107.35","-","","B09KMF9SJ6","0193394972449","193394972449","B07TLD9MBN","THE NORTH FACE","yes"
"THE NORTH FACE Women's Canyonlands Full Zip Hooded Sweatshirt (Standard and Plus Size), Emberglow Orange Heather, X-Small","66301","77623","","","","$ 132.47","$ 128.57","-","","B097NHKHMD","0195438156488","195438156488","B07TLD9MBN","THE NORTH FACE","yes"
"THE NORTH FACE Women's Canyonlands Full Zip Hooded Sweatshirt (Standard and Plus Size), Gardenia White Heather 2, 2X","66223","78682","","","","$ 140.35","$ 68.70","-","","B09KMD5V5C","0680975956870","680975956870","B07TLD9MBN","THE NORTH FACE","no"
"THE NORTH FACE Men's Tsillan Full Zip Jacket, Khaki Stone Heather, Large","67811","61826","","","","$ 177.79","","-","","B0BH51J1QV","0196248685342","196248685342","B08HXYDPLG","THE NORTH FACE","yes"
"THE NORTH FACE Men's Ultra 112 Waterproof Hiking Shoes, Asphalt Grey/TNF Black, 7.5","85279","80592","","","","$ 250.57","$ 250.57","-","","B0C211Z32D","0196573311800","196573311800","B0CB76CZB2","THE NORTH FACE","yes"
"THE NORTH FACE Men's Sprag 5-Pocket Slim Leg Pant, New Taupe Green, 38 Long","135500","101423","","","","$ 89.95","","-","","B0BH5666J4","0196010646359","196010646359","B09RTN9F1Z","THE NORTH FACE","yes"
"THE NORTH FACE Men's TNF Sleeve Hit Long Sleeve T-Shirt, Après Blue/TNF White, XX-Large","78563","69953","","","","$ 96.91","$ 42.58","-","","B0C1PB2LHP","0196573787544","196573787544","B0BRBT25S5","THE NORTH FACE","no"
"THE NORTH FACE Men's Aconcagua 3 Insulated Jacket (Standard and Big Size), Summit Navy, Large","64308","44456","","","","$ 333.07","$ 212.95","-","","B0BZSYW3XV","0196573190535","196573190535","B0CNLFCN1C","THE NORTH FACE","yes"
"THE NORTH FACE Women's Apex Bionic 3 Jacket, Shady Blue, Large","91614","76737","","","","$ 160.00","$ 171.32","-","","B0BZSWSNVQ","0196573196292","196573196292","B0C78F4Z43","THE NORTH FACE","yes"
"THE NORTH FACE Kids' Glacier Lightweight Full Zip Hoodie Jacket, TNF Medium Grey Heather 2,6","80682","80546","","","","$ 109.08","","-","","B0BGQ8CV5C","0196009776456","196009776456","B099H1YD15","THE NORTH FACE","yes"
"THE NORTH FACE Women's City Breeze Rain Parka II (Standard and Plus Size), TNF Medium Grey Heather, X-Large","68720","69495","","","","$ 320.59","$ 164.50","-","","B0BHV2H2FB","0193395917067","193395917067","B09ZQWRWQ6","THE NORTH FACE","yes"
"THE NORTH FACE Plus Size City Breeze Rain Parka II Shady Blue 3X","70044","70435","","","","$ 225.00","","-","","B0BHTL9X3W","0196011632900","196011632900","B09ZQWRWQ6","THE NORTH FACE","yes"
"THE NORTH FACE Women's Shelbe Raschel Fleece Hooded Jacket (Standard and Plus Size), Shady Blue, 2X","61852","61076","","","","$ 259.54","$ 216.50","-","","B0BZSYMSXW","0196573195813","196573195813","B0C78HL7QF","THE NORTH FACE","yes"
"THE NORTH FACE Women's Shelbe Raschel Fleece Hooded Jacket (Standard and Plus Size), Black Currant Purple, 2X","62124","57509","","","","$ 150.00","","-","","B0CHWLP9X5","0196575609615","196575609615","B0C78HL7QF","THE NORTH FACE","yes"
"THE NORTH FACE Women's Shelbe Raschel Fleece Hooded Jacket (Standard and Plus Size), Dark Sage, Medium","61577","59462","","","","$ 259.54","$ 143.75","-","","B0BZSV9BS2","0196573196032","196573196032","B0C78HL7QF","THE NORTH FACE","yes"
"THE NORTH FACE Women’s Aconcagua Down Insulated Hoodie, Fawn Grey, X-Small","100395","77728","","","","$ 219.95","","-","","B0C3J4ZPSK","0196573635210","196573635210","B0C9JN83N6","THE NORTH FACE","yes"
"THE NORTH FACE Women's Alpine Polartec 100 Jacket (Standard and Plus Size), TNF Medium Grey Heather, Small","88058","65839","","","","$ 90.00","$ 99.94","-","","B0C1CN7Z47","0196573730007","196573730007","B0C1CP86DG","THE NORTH FACE","yes"
"THE NORTH FACE Men's Aconcagua 3 Vest, Summit Navy, Medium","91961","67566","","","","$ 159.99","","-","","B0BZT1DM73","0196573191280","196573191280","B0C9R81X2X","THE NORTH FACE","yes"
"THE NORTH FACE Men's Aconcagua Insulated Hooded Jacket (Standard and Big Size), Asphalt Grey, Medium","93114","62860","","","","$ 365.51","$ 345.71","-","","B0C3HX2G9V","0196573190740","196573190740","B0BZSW844D","THE NORTH FACE","yes"
"THE NORTH FACE Women's Short Sleeve Box NSE T-Shirt (Standard and Plus Size), Gardenia White/Blue Coral TNF Lowercase Print, Large","86117","103902","","","","$ 48.12","","-","","B0BHX1MB6S","0196249620274","196249620274","B092RK1S8J","THE NORTH FACE","yes"
"THE NORTH FACE Women's Etip™ Recycled Glove, TNF Black, M","77673","43315","","","","$ 74.17","$ 73.75","-","","B083LXHL1D","0193393641230","193393641230","B08BF3B9YM","THE NORTH FACE","no"
"THE NORTH FACE Women's Flare Insulated Hoodie, Monterey Blue, Large","85823","109427","","","","$ 400.00","$ 138.24","-","","B097NHHDT9","0196013056056","196013056056","B09DK7R837","THE NORTH FACE","yes"
"THE NORTH FACE Women’s Aconcagua Down Insulated Hoodie, TNF Black, X-Small","98412","76849","","","","$ 365.51","$ 365.51","-","","B0C3HYSLC2","0196573192157","196573192157","B0C9JN83N6","THE NORTH FACE","yes"
"THE NORTH FACE Men's Big Aconcagua 3 Hoodie, Summit Navy, 4X","92540","62578","","","","$ 372.69","$ 265.81","-","","B0BZSW9QLH","0196573209213","196573209213","B0BZSW844D","THE NORTH FACE","no"
"THE NORTH FACE Women's Base Camp Slide III Sandal, Pink Primrose/TNF Black, 11","244241","596481","","","","$ 66.55","$ 64.99","-","","B0CHZ6FC36","0197063193456","197063193456","B0CQC2TF8R","THE NORTH FACE","no"
"THE NORTH FACE Women's Tamburello Insulated Jacket (Standard and Plus Size), Dark Sage, Large","109139","69573","","","","$ 100.00","","-","","B0BZSXH16J","0196573617889","196573617889","B09BK8TPPT","THE NORTH FACE","yes"
"THE NORTH FACE Men's Flare Insulated Jacket, Monterey Blue, Medium","67649","79342","","","","$ 188.40","","-","","B097NKY25H","0196013048808","196013048808","B09DKFSR6K","THE NORTH FACE","yes"
"THE NORTH FACE Women’s Aconcagua Down Insulated Hoodie, TNF Black, X-Large","103493","78686","","","","$ 365.43","$ 365.46","-","","B0C3J61KLB","0196573192126","196573192126","B0C9JN83N6","THE NORTH FACE","yes"
"THE NORTH FACE Women's Jump Down Parka, New Taupe Green, Medium","98475","68581","","","","$ 350.00","$ 335.00","-","","B08C62V9D5","0194901709480","194901709480","B08JD3VN22","THE NORTH FACE","no"
"The North Face Men's Flare 2 Insulated 550-Down Full Zip Puffer Jacket (Large, Tnf Black)","78018","38038","","","","$ 289.01","$ 219.06","-","","B0B5NS9XXB","0194901472452","194901472452","B0B5NTB945","THE NORTH FACE","yes"
"THE NORTH FACE Men's Flare Insulated Jacket, TNF Black, Large","65530","77817","","","","$ 179.95","$ 173.80","-","","B097NJDVWJ","0196011258711","196011258711","B09DKFSR6K","THE NORTH FACE","yes"
"THE NORTH FACE Women's Freedom Insulated Pant (Standard and Plus Size) - Short, Sun Sprite, Medium Short","44919","2711963","","","","$ 219.95","$ 108.31","-","","B0C2ZMJQGM","0196573159174","196573159174","B0CPM4L1XW","THE NORTH FACE","no"
"THE NORTH FACE Women's Freedom Insulated Pant (Standard and Plus Size) - Regular, Gardenia White, X-Small Regular","44676","375940","","","","$ 291.58","$ 235.29","-","","B09V5R18Q8","0196249259528","196249259528","B0CPM4L1XW","THE NORTH FACE","no"
"THE NORTH FACE Women's Carto Triclimate Jacket, Vanadis Grey/Tin Grey, Small","95260","66045","","","","$ 299.95","","-","","B09V3FX412","0196249186855","196249186855","B09BK8RZT4","THE NORTH FACE","yes"
"THE NORTH FACE Women's Tamburello Insulated Jacket (Standard and Plus Size), Gardenia White, XX-Large","111570","65253","","","","$ 154.99","$ 110.43","-","","B097NHLVMC","0195439117952","195439117952","B09BK8TPPT","THE NORTH FACE","yes"
"THE NORTH FACE Girls' Fleece Mashup Jacket, Lupine, X-Large","220959","488858","","","","$ 99.95","","-","","B0BGQ92P13","0196248631448","196248631448","B0BRBRDN97","THE NORTH FACE","yes"
"THE NORTH FACE Women's Base Camp Slide III Sandal, Tea Green/TNF White, 10","1065013","1283203","","","","$ 97.87","","-","","B09KTD1MG3","0196009256392","196009256392","B0CQC2TF8R","THE NORTH FACE","yes"
"THE NORTH FACE Women's Tamburello Insulated Parka, Meld Grey/Shine, Large","63500","53233","","","","$ 202.50","$ 172.49","-","","B09V3GZ8XV","0196249109960","196249109960","B08C724J8R","THE NORTH FACE","yes"
"THE NORTH FACE TNF Logo Box Cuffed Beanie, Radiant Orange, One Size Regular","85978","47976","","","","$ 80.81","$ 49.27","-","","B0C24Q9XCV","0196573215160","196573215160","B083WKTFXM","THE NORTH FACE","yes"
"THE NORTH FACE TNF Logo Box Cuffed Beanie, Orchid Pink, One Size Regular","88603","48489","","","","$ 85.15","","-","","B0C24P79MQ","0196573215276","196573215276","B083WKTFXM","THE NORTH FACE","yes"
"THE NORTH FACE Women's City Breeze Rain Parka II (Standard and Plus Size), TNF Black, Large","67346","69309","","","","$ 306.45","$ 171.26","-","","B08SL1R35D","0194903471316","194903471316","B09ZQWRWQ6","THE NORTH FACE","yes"
"THE NORTH FACE City Breeze Parka II Plus Womens Rain Jacket TNF Black 3X","68467","75336","","","","$ 314.68","$ 227.00","-","","B09RK6C3GF","0680975961782","680975961782","B09ZQWRWQ6","THE NORTH FACE","yes"
"THE NORTH FACE Men's Half Dome Long Sleeve Tee, TNF Medium Grey Heather/TNF White, X-Small","167816","144223","","","","$ 40.00","$ 28.76","-","","B0BH53HJFL","0196010796443","196010796443","B07BQBSHBN","THE NORTH FACE","no"
"THE NORTH FACE Men's Wander Short 2.0 (Standard and Big Size), Shady Blue 1, Medium Regular","119466","186943","","","","$ 107.93","","-","","B09VJX4QT4","0196247206708","196247206708","B08MV6KKZ2","THE NORTH FACE","yes"
"THE NORTH FACE Wander Mens Shorts Summit Navy Sz L","113010","182542","","","","$ 82.24","","-","","B0BH58293Z","0196571667312","196571667312","B08MV6KKZ2","THE NORTH FACE","yes"
"THE NORTH FACE Boys' Short Sleeve Graphic Tee, Forest Olive, XX-Large","204200","204200","","","","$ 27.50","$ 27.48","-","","B0CHFRV3YS","0197063664819","197063664819","B07V2RBK6T","THE NORTH FACE","yes"
"THE NORTH FACE Boys' Reversible Mount Chimbo Full Zip Hooded Jacket, Optic Blue, X-Large","98099","73837","","","","$ 207.28","$ 163.42","-","","B0BZWH2629","0196573230231","196573230231","B0C78HPLY9","THE NORTH FACE","yes"
"THE NORTH FACE Women's Freedom Insulated Pant (Standard and Plus Size) - Regular, Gardenia White, 3X Regular","44822","6115962","","","","$ 219.95","$ 135.57","-","","B0BHWYMY5Y","0196011587422","196011587422","B0CPM4L1XW","THE NORTH FACE","no"
"THE NORTH FACE Boys' Antora Waterproof Rain Jacket, LED Yellow, X-Large","61090","90345","","","","$ 98.17","$ 98.17","-","","B0BGQB95F6","0196248651033","196248651033","B09QHPT8K7","THE NORTH FACE","no"
"THE NORTH FACE Women's Short Sleeve Half Dome Cotton Tee (Standard & Plus Size), TNF Black/Bright Cantaloupe, XX-Large","92527","161596","","","","$ 33.00","$ 29.96","-","","B0CHBMDGCD","0197063550006","197063550006","B07CZT35ZD","THE NORTH FACE","yes"
"THE NORTH FACE Plus S/S Half Dome Cotton Tee - Women's Aviator Navy 1X","94307","167121","","","","$ 27.45","","-","","B09K23LKHD","0680975955187","680975955187","B07CZT35ZD","THE NORTH FACE","yes"
"THE NORTH FACE Men's Truckee Mid Hiking Boot, Utility Brown/TNF Black, 10.5","151457","181571","","","","$ 149.57","","-","","B09KSXHY3L","0195436529741","195436529741","B0CQDPN19J","THE NORTH FACE","yes"
"THE NORTH FACE Women's Tamburello Insulated Jacket (Standard and Plus Size), Dark Sage, X-Large","111488","70001","","","","$ 100.00","","-","","B0BZT1188W","0196573618237","196573618237","B09BK8TPPT","THE NORTH FACE","yes"
"THE NORTH FACE Men’s Short-Sleeve Brand Proud Tee (Standard and Big Size), TNF Black/Half Dome Graphic, XX-Large","185064","814328","","","","$ 38.45","","-","","B0C1PBL97Y","0196573788282","196573788282","B0CPD3VHQB","THE NORTH FACE","yes"
"THE NORTH FACE Men's Junction Insulated Jacket, TNF Black, Medium","114246","79903","","","","$ 171.44","$ 96.12","-","","B097NJL9TB","0195439105720","195439105720","B09BK6CCCR","THE NORTH FACE","yes"
"THE NORTH FACE Men's Junction Insulated Jacket, TNF Black, Large","115131","80367","","","","$ 175.00","$ 101.48","-","","B097NHFMT2","0195439105829","195439105829","B09BK6CCCR","THE NORTH FACE","yes"
"THE NORTH FACE Women's Half Dome Fleece Sweatpant (Standard and Plus Size), Almond Butter/TNF White, Medium","122474","94855","","","","$ 59.95","$ 90.72","-","","B0BZ8WRRRZ","0196573572317","196573572317","B0B5MGWRBJ","THE NORTH FACE","yes"
"THE NORTH FACE Women’s Flare Down Minoqua Parka, Thyme, Small","124532","101922","","","","$ 269.95","","-","","B097NFRR4K","0195439547902","195439547902","B09DK8B2V7","THE NORTH FACE","yes"
"THE NORTH FACE Men's Heritage Patch Pullover Hoodie Sweatshirt, TNF Black/TNF White, XX-Large","150662","98639","","","","$ 133.68","$ 70.00","-","","B0CHBQ2VLV","0196575495225","196575495225","B09PLN5RM7","THE NORTH FACE","no"
"THE NORTH FACE Women's Sally Insulated Snow Pants, Dark Sage, X-Small Regular","111531","1029517","","","","$ 244.17","$ 196.94","-","","B0C2ZMTY26","0196573129900","196573129900","B0161RN926","THE NORTH FACE","no"
"THE NORTH FACE Women's Short Sleeve Half Dome Cotton Tee (Standard & Plus Size), Lupine/TNF White, Large","92702","164241","","","","$ 77.12","$ 39.73","-","","B0BHX271RS","0196249688540","196249688540","B07CZT35ZD","THE NORTH FACE","no"
"THE NORTH FACE Salty Dog Lined Beanie, Gardenia White, One Size Short","80262","92692","","","","$ 33.13","","-","","B096YCVV68","0195437298042","195437298042","B07VKB8FZY","THE NORTH FACE","yes"
"THE NORTH FACE Fastpack Mid Waterproof Hiking Boot - Kids' Lunar Slate/Lupine, 5.0","249574","262925","","","","$ 122.43","$ 122.76","-","","B0BGQJPPZR","0196247601312","196247601312","B0CPKX3HD5","THE NORTH FACE","yes"
"THE NORTH FACE Women's Canyonlands ¼ Zip Sweatshirt, Summit Navy Dark Heather, Medium","112346","102202","","","","$ 116.58","$ 73.46","-","","B0BHTKFW6H","0196012613731","196012613731","B07TLFD5SB","THE NORTH FACE","no"
"THE NORTH FACE Women's Gotham Jacket, TNF Black, Medium","227876","151326","","","","$ 347.00","","-","","B0BZSWB33K","0196573192348","196573192348","B0C4VJ2KC5","THE NORTH FACE","yes"
"THE NORTH FACE Women's Gotham Jacket, Almond Butter, XX-Large","236488","152379","","","","$ 281.39","","-","","B0BZSVDMMF","0196573192461","196573192461","B0C4VJ2KC5","THE NORTH FACE","yes"
"THE NORTH FACE Toddler Alpenglow II Insulated Snow Boot, TNF Blue/TNF Black, 7","206794","1131090","","","","$ 120.28","","-","","B08BJ9C55F","0194115603468","194115603468","B07S212QNS","THE NORTH FACE","yes"
"THE NORTH FACE Toddler Alpenglow II Insulated Snow Boot, Toasted Brown/Toasted Brown, 7","121204","96263","","","","$ 92.23","$ 53.05","-","","B09TS23J8Z","0196247354119","196247354119","B07S212QNS","THE NORTH FACE","no"
"THE NORTH FACE Women's Sally Insulated Snow Pants, Boysenberry, Large Regular","110333","161282","","","","$ 221.84","$ 121.84","-","","B0C2ZK59L4","0196573128743","196573128743","B0161RN926","THE NORTH FACE","yes"
"THE NORTH FACE Women's Tamburello Insulated Vest, Asphalt Grey, X-Large","318607","295132","","","","$ 163.16","","-","","B0BZT25FNT","0196573721944","196573721944","B07TWHXHC3","THE NORTH FACE","yes"
"THE NORTH FACE Women's Hedgehog Fastpack 3 Waterproof Hiking Shoes, Indigo Stone/Shady Blue, 7.5","183352","283971","","","","$ 135.00","","-","","B0CHSFXQFV","0197063205814","197063205814","B0CB77K6PD","THE NORTH FACE","yes"
"THE NORTH FACE Boys' Reversible North Down Hooded Jacket, Asphalt Grey, Large","209169","128105","","","","$ 214.62","$ 178.64","-","","B09V5TS29T","0196013413941","196013413941","B09V3BDS51","THE NORTH FACE","no"
"THE NORTH FACE Toddler Alpenglow II Insulated Snow Boot, Cave Blue/TNF Black, 9","122655","153694","","","","$ 60.45","","-","","B0BZ8XF5D2","0196573288072","196573288072","B07S212QNS","THE NORTH FACE","yes"
"THE NORTH FACE Men's Oxeye Hiking Shoe, Sandstone/TNF Black, 11","232047","260100","","","","$ 215.23","$ 104.17","-","","B0BTHMN8PV","0196247632552","196247632552","B0C28H61Q4","THE NORTH FACE","no"
"THE NORTH FACE Women's Sally Insulated Snow Pants, TNF Black 2, Large Long","116080","218940","","","","$ 130.00","","-","","B0C2ZK1KKQ","0196573166141","196573166141","B0161RN926","THE NORTH FACE","yes"
"THE NORTH FACE Women's Sally Insulated Snow Pants, Boysenberry, Small Regular","108781","176106","","","","$ 129.95","$ 90.97","-","","B0C2ZJR5C4","0196573129399","196573129399","B0161RN926","THE NORTH FACE","yes"
"THE NORTH FACE Women's Sally Insulated Snow Pants, Pink Moss, Medium Regular","112026","195299","","","","$ 129.95","$ 90.97","-","","B0C2ZN18CC","0196573129191","196573129191","B0161RN926","THE NORTH FACE","yes"
"THE NORTH FACE Women's Alpine Polartec 100 ½ Snap, Pink Moss/Boysenberry, X-Small","167761","119314","","","","$ 74.95","$ 109.37","-","","B0BZDQ8PS5","0196573638983","196573638983","B0BZDRPDLT","THE NORTH FACE","yes"
"THE NORTH FACE Base Teen Camp Slide III, Crater Aqua/Barely Blue, 3","194215","194567","","","","$ 30.00","$ 86.74","-","","B0CHZ6H1YP","0197063192534","197063192534","B09RTN8ZHF","THE NORTH FACE","yes"
"THE NORTH FACE Base Teen Camp Slide III, Crater Aqua/Barely Blue, 4","192825","193387","","","","$ 30.00","$ 86.74","-","","B0CHZ5SC88","0197063192589","197063192589","B09RTN8ZHF","THE NORTH FACE","yes"
"THE NORTH FACE Women's Skeena Sandal, Evening Sand Pink/Cafe Creme, 11","291019","335860","","","","$ 65.78","$ 45.26","-","","B08NWCKYJ2","0194902465149","194902465149","B084N4HG1K","THE NORTH FACE","yes"
"THE NORTH FACE Women's Half Dome Logo Fleece Short (Standard and Plus Size), TNF Light Grey Heather 2, Small","170794","266413","","","","$ 64.96","","-","","B09F5SYD6V","0196010172438","196010172438","B08MV79GP2","THE NORTH FACE","yes"
"THE NORTH FACE Women's Wander Performance Short, Crater Aqua, Medium Short","149029","189452","","","","$ 50.00","","-","","B0CGJX8M32","0197063554554","197063554554","B0CW395L9L","THE NORTH FACE","yes"
"THE NORTH FACE Women's Aphrodite Motion Pant, Summit Navy 2, Large Long","166006","162827","","","","$ 85.00","$ 85.00","-","","B0CGRPCS4G","0197063552345","197063552345","B07GCBSB5W","THE NORTH FACE","no"
"THE NORTH FACE Women's Aphrodite Motion Pant, Summit Navy 2, Medium Short","160886","156362","","","","$ 85.00","$ 85.00","-","","B0CGRP3T7M","0197063552987","197063552987","B07GCBSB5W","THE NORTH FACE","no"
"THE NORTH FACE Teen Thermoball Insulated Traction Mule II Shoe, Gravity Purple Paint Spots Print/Gravity Purple, 6","876283","3231643","","","","$ 116.79","$ 44.15","-","","B096FG3QSZ","0195436384234","195436384234","B08C2GZ1R8","THE NORTH FACE","no"
"THE NORTH FACE Men's Clement Triclimate Jacket, Summit Navy/Shady Blue, Large","233278","266328","","","","$ 389.99","","-","","B09V5ML8Z7","0196249247938","196249247938","B07CHXPSRM","THE NORTH FACE","yes"
"THE NORTH FACE Men's Paramount Pant, New Taupe Green, 38 Short","222866","223245","","","","$ 80.00","","-","","B0BH56JN9D","0196571698736","196571698736","B0BRBS2LRP","THE NORTH FACE","yes"
"THE NORTH FACE Women's Aconcagua 3 Vest, TNF Black, Large","167319","120438","","","","$ 288.47","","-","","B0BZSWT3CQ","0196573197268","196573197268","B0C9R7MH5K","THE NORTH FACE","yes"
"THE NORTH FACE Women's Aconcagua 3 Vest, Pink Moss, Large","166387","124061","","","","$ 160.00","","-","","B0BZSXSYVV","0196573197275","196573197275","B0C9R7MH5K","THE NORTH FACE","yes"
"THE NORTH FACE Terra 65 L Backpacking Backpack, TNF Black/TNF Black, Small/Medium","298130","207980","","","","$ 324.16","$ 271.89","-","","B08BW3FGZK","0192361702836","192361702836","B07LC7WG67","THE NORTH FACE","no"
"THE NORTH FACE Boys' Warm Storm Waterproof Rain Jacket, Cave Blue, XX-Large","89327","96382","","","","$ 133.75","$ 133.75","-","","B0BZWFCZRY","0196573226555","196573226555","B0BW7DP2SZ","THE NORTH FACE","yes"
"THE NORTH FACE Boys' Warm Storm Waterproof Rain Jacket, Summit Gold 2, X-Large","89388","96209","","","","$ 100.00","$ 125.10","-","","B0BZWG5VQF","0196573226210","196573226210","B0BW7DP2SZ","THE NORTH FACE","yes"
"THE NORTH FACE Youth Alpenglow V Waterproof, Shady Blue/Acoustic Blue, 1","137160","93375","","","","$ 84.95","","-","","B09TS1W7GY","0196247345551","196247345551","B0BF1C8668","THE NORTH FACE","yes"
"THE NORTH FACE Youth Alpenglow V Waterproof Boot, Optic Blue/TNF Black, 6","133596","251311","","","","$ 131.16","$ 121.71","-","","B0BZ8Y2DBK","0196573296077","196573296077","B0BF1C8668","THE NORTH FACE","yes"
"THE NORTH FACE Men's Chilkat V Insulated Snow Boot, Coffee Brown/TNF Black, 11.5","161652","102169","","","","$ 135.00","$ 133.30","-","","B09TRXY767","0196009573239","196009573239","B0B82QFZLB","THE NORTH FACE","no"
"THE NORTH FACE Men's Adventure Polo, Summit Navy, X-Large","443765","443765","","","","$ 45.00","$ 54.99","-","","B0CGRYCC23","0197064687077","197064687077","B0CGRVQ7P7","THE NORTH FACE","no"
"THE NORTH FACE Men's Adventure Polo, TNF Black, Large","1876979","2451349","","","","$ 45.00","$ 52.25","-","","B0CGRYXH1C","0196575646375","196575646375","B0CGRVQ7P7","THE NORTH FACE","no"
"THE NORTH FACE Men's Adventure Polo, Summit Navy, Large","537857","537857","","","","$ 45.00","$ 54.99","-","","B0CGRXJPC8","0197064686636","197064686636","B0CGRVQ7P7","THE NORTH FACE","no"
"THE NORTH FACE Men's Adventure Polo, Summit Navy, XX-Large","389365","389365","","","","$ 45.00","$ 54.99","-","","B0CGRZ2XH1","0197064687299","197064687299","B0CGRVQ7P7","THE NORTH FACE","no"
"THE NORTH FACE Women's Apex STH Snow Pant, Dark Sage, Small Regular","147901","95057","","","","$ 194.95","","-","","B0C2ZK8WX2","0196573136236","196573136236","B08BF1H5ZM","THE NORTH FACE","yes"
"THE NORTH FACE Women's Wander Performance Short, Pink Moss Abstract Geology Print, X-Large Short","144780","173428","","","","$ 104.34","$ 104.34","-","","B0BZ8Z2P6X","0196573202214","196573202214","B0CW395L9L","THE NORTH FACE","no"
"THE NORTH FACE Boys' Reversible North Down Hooded Jacket, Dark Sage, X-Large","213403","127082","","","","$ 259.92","$ 149.98","-","","B0BZ8VSPLF","0196573230712","196573230712","B09V3BDS51","THE NORTH FACE","no"
"THE NORTH FACE Women's Maggy Sweater Fleece, TNF Dark Grey Heather, Small","394318","273225","","","","$ 109.00","$ 82.99","-","","B09KMD4QTS","0195437432941","195437432941","B09RTM5TXY","THE NORTH FACE","yes"
"THE NORTH FACE Women's Base Camp Slide III Sandal, Cave Blue/Dusty Periwinkle, 9","272807","275446","","","","$ 45.99","$ 44.59","-","","B0BZ8Z2DH2","0196573289994","196573289994","B079MF6DYM","THE NORTH FACE","yes"
"THE NORTH FACE Men's Chilkat V Insulated Snow Boot, Utility Brown/TNF Black, 9.5","163350","101540","","","","$ 206.39","$ 149.74","-","","B09TRYPM8R","0196247368987","196247368987","B0B82QFZLB","THE NORTH FACE","no"
"THE NORTH FACE Women's Paramount Trail Hiking Shorts, TNF Black, 6 Long","529913","540959","","","","$ 55.00","","-","","B07TYPJVKC","0194113013245","194113013245","B07XVSH91T","THE NORTH FACE","yes"
"THE NORTH FACE Women's Wander Performance Short, Smoked Pearl, Small Regular","141591","189933","","","","$ 50.00","","-","","B0CGJJNWKT","0196575661170","196575661170","B0CW395L9L","THE NORTH FACE","yes"
"THE NORTH FACE Teen Thermoball Insulated Traction Mule II Shoe, Geyser Aqua/Crater Aqua, 13","211894","163641","","","","$ 50.00","","-","","B0CJCHV8Q3","0197063192091","197063192091","B08C2GZ1R8","THE NORTH FACE","yes"
"THE NORTH FACE Men's Sprag 5-Pocket Slim Leg Pant, Utility Brown, 34 Regular","394099","507640","","","","$ 163.09","$ 104.88","-","","B0C1HD8SQ6","0196573203136","196573203136","B0CND11YKW","THE NORTH FACE","yes"
"THE NORTH FACE Women's Wander Performance Short, Bright Cantaloupe/Light Mahogany, X-Small Short","167623","196267","","","","$ 50.00","","-","","B0CGJY55Q2","0197063555278","197063555278","B0CW395L9L","THE NORTH FACE","yes"
"THE NORTH FACE Women's Wander Performance Short, Smoked Pearl, Large Regular","163066","198508","","","","$ 50.00","","-","","B0CGJQP89H","0196575660975","196575660975","B0CW395L9L","THE NORTH FACE","yes"
"THE NORTH FACE Women’s ThermoBall Eco Insulated Jacket (as1, alpha, xx_l, regular, Tnf Black) XX-Large","156006","104539","","","","$ 298.80","","-","","B0BVGLQD5X","0679894598544","679894598544","B0BNYJ5GGB","THE NORTH FACE","yes"
"THE NORTH FACE Women's Wander Performance Short, Smoked Pearl, Medium Regular","152974","192339","","","","$ 50.00","","-","","B0CGK3NFQF","0196575661125","196575661125","B0CW395L9L","THE NORTH FACE","yes"
"THE NORTH FACE Youth Base Camp Slide III, TNF Black/TNF White Half Dome Glitch Print, 6","196543","194639","","","","$ 46.76","$ 46.76","-","","B09KTNN1QB","0196009270039","196009270039","B09RTN8ZHF","THE NORTH FACE","yes"
"The North Face Berkeley Lumbar Pack Gardenia White Camping Scenic Print, One Size","306833","107391","","","","$ 38.45","","-","","B0BJ13Y9ZR","0196010698099","196010698099","","THE NORTH FACE","yes"
"THE NORTH FACE Fully-Waterproof Hiking Backpack Rain Cover, TNF Black, X-Small","124825","219331","","","","$ 30.39","","-","","B0BB847TCC","0196247092073","196247092073","B0BDYRDD28","THE NORTH FACE","yes"
"THE NORTH FACE Men's Antora Rain Pant, TNF Black, 3X-Large Regular","171773","194869","","","","$ 100.00","$ 99.96","-","","B09VQ3Y6KP","0196246502108","196246502108","B0B7848TG5","THE NORTH FACE","yes"
"THE NORTH FACE Fully-Waterproof Hiking Backpack Rain Cover, TNF Black, Large","117843","214951","","","","$ 44.75","","-","","B0BB83HX9P","0196247091878","196247091878","B0BDYRDD28","THE NORTH FACE","yes"
"THE NORTH FACE Women's Wander Performance Short, High Purple, X-Small Regular","162321","156861","","","","$ 50.00","","-","","B0CGJKK8XM","0197063386179","197063386179","B0CW395L9L","THE NORTH FACE","yes"
"THE NORTH FACE Women's Wander Performance Short, Crater Aqua, Large Short","151872","199141","","","","$ 50.00","","-","","B0CGJVQC6H","0197063554530","197063554530","B0CW395L9L","THE NORTH FACE","yes"
"THE NORTH FACE Women's Wander Performance Short, Lunar Slate, Large Short","146015","342154","","","","$ 99.99","$ 82.26","-","","B0BHLTFR5W","0196011646112","196011646112","B0CW395L9L","THE NORTH FACE","yes"
"THE NORTH FACE Women's Wander Performance Short, High Purple, X-Small Short","154915","150216","","","","$ 50.00","","-","","B0CGJGXSML","0197063386216","197063386216","B0CW395L9L","THE NORTH FACE","yes"
"THE NORTH FACE Women's Wander Performance Short, Pink Moss Abstract Geology Print, X-Small Short","148793","178157","","","","$ 104.34","$ 104.34","-","","B0BZ8WX2W6","0196573202313","196573202313","B0CW395L9L","THE NORTH FACE","no"
"THE NORTH FACE Women's Wander Performance Short, High Purple, Medium Regular","143165","142192","","","","$ 50.00","","-","","B0CGJHC51S","0197063385684","197063385684","B0CW395L9L","THE NORTH FACE","yes"
"THE NORTH FACE Women's Wander Performance Short, Pink Moss Abstract Geology Print, XX-Large Short","148790","180623","","","","$ 104.34","$ 104.34","-","","B0BZ8YM1WY","0196573202511","196573202511","B0CW395L9L","THE NORTH FACE","no"
"THE NORTH FACE Women's Wander Performance Short, High Purple, X-Large Regular","158765","154070","","","","$ 50.00","","-","","B0CGJWMJWV","0197063386117","197063386117","B0CW395L9L","THE NORTH FACE","yes"
"THE NORTH FACE Women's Wander Performance Short, High Purple, Large Regular","169074","160309","","","","$ 50.00","","-","","B0CGJLTZJS","0197063385264","197063385264","B0CW395L9L","THE NORTH FACE","yes"
"THE NORTH FACE Women's Wander Performance Short, High Purple, Small Regular","142272","141765","","","","$ 50.00","","-","","B0CGJFJCX3","0197063385912","197063385912","B0CW395L9L","THE NORTH FACE","yes"
"THE NORTH FACE Women's Wander Performance Short, Pink Moss Abstract Geology Print, Small Short","145001","175084","","","","$ 104.34","$ 104.34","-","","B0BZ8XRK4N","0196573202115","196573202115","B0CW395L9L","THE NORTH FACE","no"
"THE NORTH FACE Women's Wander Performance Short, Pink Moss Abstract Geology Print, Medium Short","145667","175838","","","","$ 104.34","$ 104.34","-","","B0BZ8XFGF6","0196573201965","196573201965","B0CW395L9L","THE NORTH FACE","no"
"THE NORTH FACE Women's Jumbo Half Dome Pullover Hoodie, Pine Needle/Misty Sage, Medium","247579","188104","","","","$ 70.00","$ 59.98","-","","B0BZ8TN5F9","0196573582972","196573582972","B0BWPWTD8M","THE NORTH FACE","no"
"THE NORTH FACE Women's Aphrodite Motion Pant, Summit Navy 2, Medium Long","157453","153498","","","","$ 85.00","$ 85.00","-","","B0CGRQGV41","0197063552772","197063552772","B07GCBSB5W","THE NORTH FACE","no"
"THE NORTH FACE Men's Cyclone Anorak Windbreaker Jacket, Blue Coral/Reef Waters/Dusty Coral Orange, X-Large","295399","835844","","","","$ 80.00","","-","","B0BGYLK3BG","0196012622559","196012622559","B0BNSPC873","THE NORTH FACE","yes"
"THE NORTH FACE Women's Freedom Insulated Bib (Standard and Plus Size) - Regular, Pink Moss Faded Dye Camo Print, 3X Regular","122170","111859","","","","$ 333.27","$ 300.97","-","","B0C2ZKKYJ7","0196573129771","196573129771","B0CLNW2V9M","THE NORTH FACE","no"
"THE NORTH FACE Boys' Camp Fleece Pullover Hoodie, TNF Light Grey Heather/TNF White, X-Large","203205","163906","","","","$ 77.90","","-","","B09KM8Y462","0196247006490","196247006490","B099HKLFMB","THE NORTH FACE","yes"
"THE NORTH FACE Women's Salty Bae Beanie, Dark Sage, One Size","259991","157985","","","","$ 43.95","$ 71.99","-","","B0C24RY1P6","0196573246089","196573246089","B0C9DWT79Y","THE NORTH FACE","yes"
"THE NORTH FACE Girls' Freedom Insulated Pant, Almond Butter, XX-Large","180486","129659","","","","$ 233.38","$ 226.42","-","","B0C2ZK91FF","0196573253810","196573253810","B09DJ2HRFS","THE NORTH FACE","no"
"THE NORTH FACE Teen 200W Tundra Pullover, Shady Blue/Norse Blue, Small","193259","466733","","","","$ 74.95","","-","","B0BGQFCL2P","0196571802263","196571802263","B09RTN691C","THE NORTH FACE","yes"
"THE NORTH FACE Teen 200W Tundra Pullover, Summit Navy 2, Medium","204671","477139","","","","$ 75.00","","-","","B0BGQ8MS7Z","0196571802454","196571802454","B09RTN691C","THE NORTH FACE","yes"
"THE NORTH FACE Men's Belleview Stretch Down Jacket, TNF Black, Large","473623","428319","","","","$ 399.98","$ 271.35","-","","B0B54RDHL9","0196246341738","196246341738","B0C78H33BW","THE NORTH FACE","yes"
"THE NORTH FACE Women's Aphrodite Motion Bermuda Short, TNF Black, Small Long","279540","366541","","","","$ 54.95","","-","","B0BHMMSNQJ","0196571733260","196571733260","B08X68NFPM","THE NORTH FACE","yes"
"THE NORTH FACE Boys' North Down Fleece-Lined Parka, Dark Sage, XX-Large","371583","235017","","","","$ 293.25","","-","","B0C3HZDN5W","0196573252936","196573252936","B0BFGNGQN7","THE NORTH FACE","yes"
"THE NORTH FACE Women's ThermoBall Eco Parka, Boysenberry, Large","452725","274719","","","","$ 298.00","","-","","B0BZSXS2KJ","0196573691643","196573691643","B0BZSWB8LP","THE NORTH FACE","yes"
"THE NORTH FACE Women's Shelbe Raschel Hoodie (Standard and Plus Size), Skylight Blue, Large","225062","142006","","","","$ 199.00","$ 113.29","-","","B0BHTLMGPR","0196010656341","196010656341","B07CZSL1VM","THE NORTH FACE","no"
"THE NORTH FACE Girls' ThermoBall Hooded Jacket, TNF Black, X-Large","269966","241980","","","","$ 252.27","","-","","B0BZWD9S2L","0196573234598","196573234598","B0BZSYQL54","THE NORTH FACE","yes"
"THE NORTH FACE Men's VECTIV Fastpack Mid FUTURELIGHT Hiking Shoe, TNF Black/Vanadis Grey, 7.5","289390","288810","","","","$ 164.95","","-","","B09PL6FTD7","0196009299238","196009299238","B0BR4RL9J4","THE NORTH FACE","yes"
"THE NORTH FACE Women's Shady Glade Insulated Parka, TNF Black, Large","278830","312240","","","","$ 340.42","$ 340.35","-","","B0BZSY62NK","0196573194526","196573194526","B0CQP6WCTS","THE NORTH FACE","yes"
"THE NORTH FACE Brand Proud Full Zip Hoodie Dusty Periwinkle/Tnf White XL","193700","185040","","","","$ 52.50","$ 52.49","-","","B0C9ZYNCG8","0196573590083","196573590083","B0CP9PMTW8","THE NORTH FACE","yes"
"THE NORTH FACE Men's Skagit Water Shoe, TNF Black/TNF Black, 10","633066","644458","","","","$ 109.00","","-","","B0CHSGCHV2","0197063191339","197063191339","B0CHSF7QY2","THE NORTH FACE","yes"
"THE NORTH FACE Kids' Class V Reversible Bucket, Lupine/Lunar Slate, Small","666011","896776","","","","$ 34.95","","-","","B0BH58KLNK","0196011613459","196011613459","B0BWQQW7LF","THE NORTH FACE","yes"
"THE NORTH FACE Men's NSE Chukka, British Khaki/TNF Black, 10.5","325591","204343","","23","","$ 199.85","$ 76.00","A7ULJO7NAWM0L","2","B09ZDF2QW1","0196247342482","196247342482","B0CQDSZ89H","THE NORTH FACE","yes"
"THE NORTH FACE Men's Wander Pant, TNF Black, XX-Large","323299","253735","","","","$ 116.07","$ 102.87","-","","B08BF53FGW","0679894686944","679894686944","B07SG7SGZ5","THE NORTH FACE","yes"
"THE NORTH FACE Women's ThermoBall Lace Up Waterproof, Gardenia White/Silver Grey, 9","266842","175250","","","","$ 235.94","$ 191.28","-","","B09TRY3GFR","0196247341669","196247341669","B08BW3PVPV","THE NORTH FACE","yes"
"THE NORTH FACE Men's Montana Insulated Ski Glove, Pine Needle, Medium","251513","157330","","","","$ 64.95","","-","","B0C24HJC8B","0196573217331","196573217331","B0B82PMVKS","THE NORTH FACE","yes"
"THE NORTH FACE Women's ThermoBall Eco Triclimate Parka, Boysenberry, Large","375459","411747","","","","$ 339.95","","-","","B0BZSZQY6L","0196573201262","196573201262","B09ZQVGDZX","THE NORTH FACE","yes"
"THE NORTH FACE Men's NSE Chukka, Thyme Brushwood Camo Print/TNF Black, 8.5","317549","203135","","2","","$ 199.85","","-","0","B09ZDJNWF4","0196247339499","196247339499","B0CQDSZ89H","THE NORTH FACE","yes"
"THE NORTH FACE Boys' ThermoBall Insulated Hooded Jacket, TNF Black 1, Large","252826","184589","","","","$ 252.27","","-","","B0BZWC47B9","0196573257283","196573257283","B0CM8RQ15P","THE NORTH FACE","yes"
"THE NORTH FACE Women's Pali Pile Fleece ¼ Snap, Misty Sage Abstract Geology Print, Medium","348725","276625","","","","$ 89.95","","-","","B0C3DK4HXC","0196573634329","196573634329","B0C3DGWCV7","THE NORTH FACE","yes"
"THE NORTH FACE Men's NSE Chukka, Thyme Brushwood Camo Print/TNF Black, 7.5","323824","203519","","1","","$ 108.95","","-","0","B09ZDMVYD2","0196247338911","196247338911","B0CQDSZ89H","THE NORTH FACE","yes"
"THE NORTH FACE Men's NSE Chukka, Vanadis Grey/Asphalt Grey, 9.5","314121","197301","","1","","$ 199.85","$ 76.00","A7ULJO7NAWM0L","1","B09ZDJPSJ8","0196247341621","196247341621","B0CQDSZ89H","THE NORTH FACE","yes"
"THE NORTH FACE Boys' Gotham Insulated Jacket, TNF Black 2, XX-Large","307414","307899","","","","$ 258.10","$ 205.60","-","","B0C3HX951P","0196573230125","196573230125","B0773P7XQ2","THE NORTH FACE","no"
"THE NORTH FACE Men's Wander Pant, Boysenberry, Large Regular","287462","241591","","","","$ 149.91","$ 122.75","-","","B0C1HFZW4Z","0196573757660","196573757660","B07SG7SGZ5","THE NORTH FACE","no"
"THE NORTH FACE Women's ThermoBall Eco Parka, Shady Blue, Small","440406","271551","","","","$ 413.96","$ 275.84","-","","B0B6FJVWVF","0196249130957","196249130957","B0BZSWB8LP","THE NORTH FACE","yes"
"THE NORTH FACE Women's ThermoBall Eco Parka, Shady Blue, Large","457099","323555","","","","$ 413.96","","-","","B0B7RJK73T","0196249131152","196249131152","B0BZSWB8LP","THE NORTH FACE","yes"
"THE NORTH FACE Women's Freedom Insulated Jacket (Standard and Plus Size), TNF Black, Medium","181272","160924","","","","$ 320.00","$ 294.55","-","","B0C2ZPXMML","0196573146693","196573146693","B0C2ZQ28M2","THE NORTH FACE","yes"
"THE NORTH FACE Men's Ultra 111 WP, TNF Black/Dark Shadow Grey, 11.5","329627","258235","","","","$ 230.19","","-","","B07VL5GS58","0679894405774","679894405774","B08MV942QP","THE NORTH FACE","yes"
"THE NORTH FACE Men's Expedition Arctic Parka Winter Coat Puffer Jacket (as1, alpha, m, regular, regular, Vanadis Grey, Medium)","1592042","1390843","","","","$ 499.00","","-","","B0BJRPW9MJ","0195439100794","195439100794","B0BJRGJC54","THE NORTH FACE","yes"
"THE NORTH FACE Whimzy Powder Hooded Fleece Neck Gaiter, TNF Black, Large/X-Large","1463326","921819","","","","$ 61.63","$ 65.84","-","","B09TPX8N45","0196247068375","196247068375","","THE NORTH FACE","yes"
"THE NORTH FACE Women's ThermoBall Eco Hoodie 2.0 (Standard and Plus Size), TNF Black, X-Large","254711","268614","","","","$ 388.87","$ 310.83","-","","B09BQPF7YQ","0195439188600","195439188600","B0CVG84QB9","THE NORTH FACE","no"
"THE NORTH FACE Ultra 112 WP Asphalt Grey/TNF Black 6.5 B (M)","512439","589685","","","","$ 148.95","$ 250.57","-","","B0C6XMRJ89","0196573312425","196573312425","B0CF5SZ5XP","THE NORTH FACE","yes"
"THE NORTH FACE Men's NSE Chukka, Thyme Brushwood Camo Print/TNF Black, 14","322463","204176","","3","","$ 199.85","$ 76.00","A7ULJO7NAWM0L","1","B09ZDLMCH7","0196247342697","196247342697","B0CQDSZ89H","THE NORTH FACE","yes"
"THE NORTH FACE Men's Chilkat 400 II Insulated Snow Boot, Toasted Brown/TNF Black, 14","347321","244007","","","","$ 292.82","","-","","B09TRXWW1X","0196247375763","196247375763","B0CQDTR8BD","THE NORTH FACE","yes"
"The North Face Embroidered Earthscape Beanie, Laurel Wreath Green Dark Heather, One Size","2540999","2441529","","","","$ 49.99","","-","","B09TPVX23H","0195438248862","195438248862","","THE NORTH FACE","yes"
"THE NORTH FACE Men's Antora Triclimate Jacket, New Taupe Green/TNF Black, 3X-Large","362277","220741","","","","$ 259.95","$ 151.58","-","","B0BZSVW4GB","0196573179578","196573179578","B0B74ZTX58","THE NORTH FACE","no"
"THE NORTH FACE Men's Antora Triclimate Jacket, Summit Gold/TNF Black, Medium","368094","222345","","","","$ 259.95","","-","","B0BZSZ33XM","0196573723863","196573723863","B0B74ZTX58","THE NORTH FACE","yes"
"THE NORTH FACE Girls' Freedom Insulated Pant, Mr. Pink, Small","178200","129277","","","","$ 124.95","$ 78.33","-","","B0C2ZN2ZDP","0196573253698","196573253698","B09DJ2HRFS","THE NORTH FACE","no"
"THE NORTH FACE 10L Mini Borealis Commuter Laptop Backpack, Pink Moss Dark Heather/Gardenia White, One Size","527878","319785","","","","$ 99.33","","-","","B0BZSM8BBF","0196573118843","196573118843","B0CLKWMRWQ","THE NORTH FACE","yes"
"THE NORTH FACE Women's Shellista IV Shorty Waterproof, New Taupe Green/TNF Black, 8.5","628972","419484","","","","$ 267.32","","-","","B0971DJ5L8","0195439275508","195439275508","B09DJ6HQJJ","THE NORTH FACE","yes"
"THE NORTH FACE Women's Flyweight Hooded Jacket, Black Currant Purple, Small","623630","576932","","","","$ 100.00","","-","","B0CHWMJTCV","0196575605990","196575605990","B07CB2BHTS","THE NORTH FACE","yes"
"THE NORTH FACE 10L Mini Borealis Commuter Laptop Backpack, Gardenia White, One Size","274360","225996","","","","$ 110.00","","-","","B09R3TBZ7Z","0196247074888","196247074888","B0CGYGD87T","THE NORTH FACE","yes"
"THE NORTH FACE Kids' Suave Oso Earband, TNF Black, Medium","817745","588991","","","","$ 58.30","$ 46.93","-","","B09VCC81MJ","0196247076479","196247076479","B0C5FNVD4B","THE NORTH FACE","yes"
"THE NORTH FACE Girls' Suave Oso Long Jacket, Jadeite Green, X-Large","1229000","1192582","","","","$ 98.95","","-","","B097NQ9QCZ","0195436408343","195436408343","B09BK8M853","THE NORTH FACE","yes"
"THE NORTH FACE Men's Winter Warm ¼ Zip Jacket, TNF Black, X-Large","1972992","1671126","","","","$ 142.57","$ 108.95","-","","B09V3HP5S3","0196013049720","196013049720","B0B82RTK18","THE NORTH FACE","yes"
"THE NORTH FACE Women's Shelbe Parka Length with Hood, TNF Black, 3X-Large","214975","287899","","","","$ 259.45","$ 259.45","-","","B0BZSXR51T","0196573665477","196573665477","B0CH4KHY8N","THE NORTH FACE","yes"
"THE NORTH FACE Teen Freedom Insulated Bib, Asphalt Grey, X-Small","321993","206695","","","","$ 138.95","","-","","B09V5SB5G8","0196013446017","196013446017","B0B82M7XY5","THE NORTH FACE","yes"
"THE NORTH FACE Women's Gatekeeper Insulated Ski Jacket (Standard and Plus Size), TNF Black, Small","450615","260424","","","","$ 322.00","$ 286.62","-","","B08BDM5S6X","0193393658207","193393658207","B08FCVBZKM","THE NORTH FACE","no"
"THE NORTH FACE Men's Larimer Mid Waterproof Boot, TNF Black/Vintage Khaki, 7.5","356404","250390","","","","$ 241.75","$ 180.50","-","","B098DS211S","0195439275812","195439275812","B0CQF41N9D","THE NORTH FACE","no"
"THE NORTH FACE Teen Shellista Extreme Insulated Boot, Pinecone Brown/Pikes Purple, 4","1479547","3436981","","","","$ 152.55","$ 89.98","-","","B096FHF1J1","0195439264717","195439264717","B08FCVZDFJ","THE NORTH FACE","no"
"The North Face Berkeley Lumbar Pack Rusted Bronze/Dusty Coral Orange, One Size","321729","112321","","","","$ 38.45","","-","","B0BHZTLRF3","0196010698068","196010698068","","THE NORTH FACE","yes"
"THE NORTH FACE Women's Aphrodite Motion Capri Pants (Standard and Plus Size), TNF Black 2, XX-Large","227585","418046","","","","$ 133.01","","-","","B07TXHDMGZ","0194112145435","194112145435","B0CV7TT3GQ","THE NORTH FACE","yes"
"THE NORTH FACE Men's Active Stretch Shell, TNF Black, XX-Large","364641","336942","","","","$ 149.95","","-","","B08H83ZGWC","0194901461456","194901461456","B08HXGGG1Q","THE NORTH FACE","yes"
"THE NORTH FACE Men's Freedom Bib, TNF Black, Large Short","1436434","522269","","","","$ 374.09","","-","","B097NJ9SP9","0195437290497","195437290497","B0CXSLSM5X","THE NORTH FACE","yes"
"THE NORTH FACE Women's Back-To-Berkeley III Leather WP, Fossil/Gardenia White, 10.5","748796","616804","","","","$ 236.64","$ 213.97","-","","B0971FB6BN","0195439276161","195439276161","B096YBFN55","THE NORTH FACE","yes"
"THE NORTH FACE Short Sleeve Jumbo Half Dome Tee Dusty Coral Orange/Retro Orange 2XL","516959","415847","","","","$ 40.87","$ 36.89","-","","B0BTHQ4M48","0196249695227","196249695227","B0CBS8Z1QC","THE NORTH FACE","yes"